Date,ABEV3,AGRO3,ALPA4,ALUP11,AMAR3,IBOV,portifolio
2023-01-02T00:00:00.000Z,13.485133171081543,26.011539459228516,14.329999923706055,23.095327377319336,6.25,,16.63439998626709
2023-01-03T00:00:00.000Z,13.466127395629883,25.278820037841797,13.399999618530273,22.804141998291016,6,,16.189817810058592
2023-01-04T00:00:00.000Z,13.542153358459473,24.71587562561035,13.489999771118164,22.346561431884766,5.800000190734863,,15.978918075561523
2023-01-05T00:00:00.000Z,13.580166816711426,24.67119789123535,13.859999656677246,22.729263305664062,6.099999904632568,,16.188125514984133
2023-01-06T00:00:00.000Z,13.608675956726074,24.858844757080078,13.869999885559082,22.463037490844727,6.449999809265137,,16.25011157989502
2023-01-09T00:00:00.000Z,13.684701919555664,24.84990882873535,14.220000267028809,22.903976440429688,6.75,,16.481717491149904
2023-01-10T00:00:00.000Z,13.817748069763184,24.92139434814453,14.779999732971191,23.344919204711914,7.400000095367432,,16.85281229019165
2023-01-11T00:00:00.000Z,13.580166816711426,25.350303649902344,15.130000114440918,23.544588088989258,6.949999809265137,,16.911011695861816
2023-01-12T00:00:00.000Z,13.399604797363281,24.94820213317871,14.510000228881836,23.777542114257812,6.75,,16.677069854736327
2023-01-13T00:00:00.000Z,13.190532684326172,25.28775405883789,13.619999885559082,23.478036880493164,6.5,,16.415264701843263
2023-01-16T00:00:00.000Z,12.544310569763184,25.252012252807617,13.5,23.386516571044922,6.25,,16.186567878723146
2023-01-17T00:00:00.000Z,13.171525955200195,26.029409408569336,13.850000381469727,23.652748107910156,6.150000095367432,,16.57073678970337
2023-01-18T00:00:00.000Z,13.095499992370605,25.663049697875977,13.920000076293945,24.01049041748047,5.949999809265137,,16.527807998657227
2023-01-19T00:00:00.000Z,12.962454795837402,26.09195899963379,13.720000267028809,23.66106414794922,6.199999809265137,,16.527095603942872
2023-01-20T00:00:00.000Z,12.857917785644531,26.029409408569336,12.90999984741211,23.31995964050293,6.349999904632568,,16.293457317352296
2023-01-23T00:00:00.000Z,12.753382682800293,26.06515121459961,13.0600004196167,23.760902404785156,6.349999904632568,,16.397887325286867
2023-01-24T00:00:00.000Z,12.933943748474121,26.199186325073242,13.039999961853027,23.536270141601562,7.150000095367432,,16.57188005447388
2023-01-25T00:00:00.000Z,13.028977394104004,26.449382781982422,13.5,23.677703857421875,7.150000095367432,,16.76121282577515
2023-01-26T00:00:00.000Z,13.057486534118652,27.003389358520508,13.239999771118164,23.80249786376953,7.199999809265137,,16.8606746673584
2023-01-27T00:00:00.000Z,12.971957206726074,26.404705047607422,12.979999542236328,23.220125198364258,7.099999904632568,,16.53535737991333
2023-01-30T00:00:00.000Z,12.857917785644531,26.279605865478516,13.25,23.161888122558594,6.849999904632568,,16.479882335662843
2023-01-31T00:00:00.000Z,12.981460571289062,26.628093719482422,13.609999656677246,23.777542114257812,6.900000095367432,,16.779419231414796
2023-02-01T00:00:00.000Z,12.525304794311523,26.20812225341797,13.640000343322754,23.453075408935547,6.800000190734863,,16.525300598144533
2023-02-02T00:00:00.000Z,12.458781242370605,26.154508590698242,13.4399995803833,23.24508285522461,7,,16.45967445373535
2023-02-03T00:00:00.000Z,12.335238456726074,25.895374298095703,12.699999809265137,23.070371627807617,6.550000190734863,,16.110196876525883
2023-02-06T00:00:00.000Z,12.373251914978027,26.06515121459961,12.399999618530273,23.36155891418457,6.099999904632568,,16.05999231338501
2023-02-07T00:00:00.000Z,12.316232681274414,25.600500106811523,12.15999984741211,23.311641693115234,5.650000095367432,,15.807674884796144
2023-02-08T00:00:00.000Z,12.534807205200195,24.76055335998535,12.449999809265137,23.486351013183594,5.300000190734863,,15.706342315673828
2023-02-09T00:00:00.000Z,12.373251914978027,23.715089797973633,11.779999732971191,22.887340545654297,4.099999904632568,,14.971136379241944
2023-02-10T00:00:00.000Z,12.221199035644531,24.135061264038086,9.579999923706055,23.170207977294922,3.8499999046325684,,14.591293621063233
2023-02-13T00:00:00.000Z,12.477787971496582,23.983156204223633,9.850000381469727,23.436437606811523,3.8499999046325684,,14.71947641372681
2023-02-14T00:00:00.000Z,12.35424518585205,23.49169921875,9.699999809265137,23.44475555419922,3.950000047683716,,14.588139963150027
2023-02-15T00:00:00.000Z,12.572819709777832,23.983156204223633,10.039999961853027,23.5279483795166,4.25,,14.874784851074219
2023-02-16T00:00:00.000Z,12.43027114868164,23.688282012939453,10.020000457763672,23.55291175842285,4,,14.738293075561526
2023-02-17T00:00:00.000Z,12.544310569763184,23.67041015625,10.229999542236328,23.652748107910156,3.950000047683716,,14.809493684768679
2023-02-22T00:00:00.000Z,12.553813934326172,23.46489143371582,9.829999923706055,23.36155891418457,3.799999952316284,,14.60205283164978
2023-02-23T00:00:00.000Z,12.591827392578125,23.455955505371094,9.90999984741211,23.311641693115234,3.6500000953674316,,14.583884906768798
2023-02-24T00:00:00.000Z,12.658349990844727,23.455955505371094,9.4399995803833,23.27004051208496,3.5,,14.464869117736818
2023-02-27T00:00:00.000Z,12.734375953674316,23.455955505371094,9.699999809265137,23.220125198364258,3.299999952316284,,14.482091283798217
2023-02-28T00:00:00.000Z,12.724872589111328,23.178953170776367,9.430000305175781,22.92061424255371,3.1500000953674316,,14.280888080596926
2023-03-01T00:00:00.000Z,12.800899505615234,22.98236846923828,9.119999885559082,23.311641693115234,3.049999952316284,,14.252981901168825
2023-03-02T00:00:00.000Z,12.477787971496582,23.37553596496582,9.329999923706055,23.453075408935547,3.049999952316284,,14.337279844284058
2023-03-03T00:00:00.000Z,12.458781242370605,23.527441024780273,9.15999984741211,22.70430564880371,3,,14.17010555267334
2023-03-06T00:00:00.000Z,12.829408645629883,23.893800735473633,9.359999656677246,22.37984275817871,3.4000000953674316,,14.372610378265382
2023-03-07T00:00:00.000Z,12.762886047363281,23.634668350219727,9.3100004196167,22.2883243560791,3.4000000953674316,,14.279175853729248
2023-03-08T00:00:00.000Z,12.943448066711426,23.429147720336914,9.970000267028809,22.479677200317383,3.700000047683716,,14.50445466041565
2023-03-09T00:00:00.000Z,12.92444133758545,23.357664108276367,9.729999542236328,22.91229820251465,3.75,,14.534880638122559
2023-03-10T00:00:00.000Z,12.838912010192871,23.312986373901367,9.630000114440918,22.70430564880371,3.5999999046325684,,14.417240810394286
2023-03-13T00:00:00.000Z,12.933943748474121,22.812593460083008,9.859999656677246,22.86237907409668,3.6500000953674316,,14.4237832069397
2023-03-14T00:00:00.000Z,13.257055282592773,22.481975555419922,9.470000267028809,22.81246566772461,3.549999952316284,,14.31429934501648
2023-03-15T00:00:00.000Z,13.323578834533691,22.28539276123047,9.300000190734863,23.020450592041016,3.549999952316284,,14.295884466171264
2023-03-16T00:00:00.000Z,13.551656723022461,22.222843170166016,9.229999542236328,22.94557762145996,3.5999999046325684,,14.310015392303468
2023-03-17T00:00:00.000Z,13.513644218444824,21.91903305053711,9.050000190734863,22.2883243560791,3.549999952316284,,14.064200353622436
2023-03-20T00:00:00.000Z,13.418610572814941,21.820741653442383,8.420000076293945,22.546236038208008,3.3499999046325684,,13.91111764907837
2023-03-21T00:00:00.000Z,13.257055282592773,22.41942596435547,8.710000038146973,22.04705238342285,3.25,,13.936706733703614
2023-03-22T00:00:00.000Z,13.257055282592773,21.704578399658203,8.239999771118164,22.37152099609375,3.25,,13.764630889892578
2023-03-23T00:00:00.000Z,13.095499992370605,21.266733169555664,7.849999904632568,21.955537796020508,3.049999952316284,,13.443554162979126
2023-03-24T00:00:00.000Z,13.20003604888916,21.454381942749023,8.149999618530273,22.529592514038086,3.200000047683716,,13.706802034378052
2023-03-27T00:00:00.000Z,13.238049507141113,22.106679916381836,8.119999885559082,22.521278381347656,3.3499999046325684,,13.867201519012452
2023-03-28T00:00:00.000Z,13.865264892578125,22.9108829498291,8.3100004196167,22.754222869873047,3.450000047683716,,14.258074235916139
2023-03-29T00:00:00.000Z,14.074337005615234,21.927968978881836,8.220000267028809,22.463037490844727,3.299999952316284,,13.99706873893738
2023-03-30T00:00:00.000Z,14.083839416503906,21.543737411499023,8.40999984741211,22.770864486694336,3.1500000953674316,,13.991688251495363
2023-03-31T00:00:00.000Z,13.618179321289062,21.534801483154297,8.149999618530273,22.363204956054688,3.200000047683716,,13.773237085342409
2023-04-03T00:00:00.000Z,13.618179321289062,21.266733169555664,7.880000114440918,22.013778686523438,3,,13.555738258361817
2023-04-04T00:00:00.000Z,13.713212966918945,21.48118782043457,7.909999847412109,22.74590301513672,2.950000047683716,,13.760060739517213
2023-04-05T00:00:00.000Z,13.684701919555664,20.694854736328125,7.139999866485596,22.770864486694336,3.1500000953674316,,13.488084220886233
2023-04-06T00:00:00.000Z,13.713212966918945,21.034408569335938,7.5,23.220125198364258,3.0999999046325684,,13.713549327850343
2023-04-10T00:00:00.000Z,13.741722106933594,21.454381942749023,7.820000171661377,22.987178802490234,3,,13.800656604766845
2023-04-11T00:00:00.000Z,14.045825958251953,21.75819206237793,8.229999542236328,23.278364181518555,3.25,,14.112476348876955
2023-04-12T00:00:00.000Z,14.026820182800293,22.240713119506836,8.170000076293945,23.55291175842285,3.549999952316284,,14.308089017868042
2023-04-13T00:00:00.000Z,13.865264892578125,22.088808059692383,8,23.960575103759766,3.8499999046325684,,14.352929592132568
2023-04-14T00:00:00.000Z,13.922284126281738,22.267520904541016,7.590000152587891,24.01049041748047,4.300000190734863,,14.418059158325198
2023-04-17T00:00:00.000Z,14.017316818237305,22.616008758544922,7.460000038146973,24.218482971191406,3.6500000953674316,,14.392361736297607
2023-04-18T00:00:00.000Z,13.903277397155762,22.339006423950195,7.239999771118164,24.4826602935791,3.299999952316284,,14.252988767623902
2023-04-19T00:00:00.000Z,13.855761528015137,21.49905776977539,7.03000020980835,24.008329391479492,3.0999999046325684,,13.898629760742187
2023-04-20T00:00:00.000Z,13.874768257141113,21.445446014404297,7.150000095367432,23.94447898864746,3.1500000953674316,,13.912938690185547
2023-04-24T00:00:00.000Z,13.62768268585205,21.23099136352539,7.099999904632568,23.92623519897461,3.1500000953674316,,13.806981849670413
2023-04-25T00:00:00.000Z,13.580166816711426,21.11482810974121,7.039999961853027,23.962722778320312,3.0999999046325684,,13.759543514251709
2023-04-26T00:00:00.000Z,13.504140853881836,20.945053100585938,7.019999980926514,24.081302642822266,3.049999952316284,,13.720099306106567
2023-04-27T00:00:00.000Z,13.456624031066895,20.93611717224121,7.050000190734863,24.017454147338867,3.0999999046325684,,13.71203908920288
2023-04-28T00:00:00.000Z,13.456624031066895,21.588415145874023,7.409999847412109,24.738067626953125,3.1500000953674316,,14.068621349334718
2023-05-02T00:00:00.000Z,13.551656723022461,20.739532470703125,7.289999961853027,24.82928466796875,3.0999999046325684,,13.902094745635987
2023-05-03T00:00:00.000Z,13.855761528015137,20.77527618408203,7.360000133514404,25.121179580688477,3.25,,14.072443485260012
2023-05-04T00:00:00.000Z,13.903277397155762,20.83782386779785,7.679999828338623,25.112058639526367,3.3499999046325684,,14.176631927490234
2023-05-05T00:00:00.000Z,13.770231246948242,21.141633987426758,8.600000381469727,25.49517059326172,3.4000000953674316,,14.481407260894777
2023-05-08T00:00:00.000Z,13.789238929748535,21.11482810974121,9.239999771118164,25.5772647857666,3.4000000953674316,,14.624266338348388
2023-05-09T00:00:00.000Z,13.779735565185547,20.953989028930664,9.149999618530273,25.35834503173828,3.4000000953674316,,14.528413867950439
2023-05-10T00:00:00.000Z,13.684701919555664,20.248075485229492,9.329999923706055,25.504289627075195,3.5,,14.45341339111328
2023-05-11T00:00:00.000Z,13.779735565185547,20.328495025634766,9.010000228881836,25.622873306274414,3.5,,14.448220825195312
2023-05-12T00:00:00.000Z,13.732218742370605,20.70379066467285,8.850000381469727,26.12456512451172,3.299999952316284,,14.542114973068239
2023-05-15T00:00:00.000Z,13.893774032592773,20.882503509521484,8.84000015258789,26.29787826538086,3.200000047683716,,14.622831201553346
2023-05-16T00:00:00.000Z,13.874768257141113,20.48040008544922,8.699999809265137,25.80324935913086,3.1500000953674316,,14.401683521270753
2023-05-17T00:00:00.000Z,13.83675479888916,20.86463165283203,8.779999732971191,25.73912811279297,3.200000047683716,,14.484102869033816
2023-05-18T00:00:00.000Z,13.827251434326172,20.99866485595703,8.880000114440918,26.160484313964844,3.3499999046325684,,14.643280124664306
2023-05-19T00:00:00.000Z,13.855761528015137,20.676982879638672,8.960000038146973,26.19712257385254,3.25,,14.587973403930667
2023-05-22T00:00:00.000Z,13.893774032592773,20.766340255737305,10.520000457763672,26.142162322998047,3.25,,14.914455413818361
2023-05-23T00:00:00.000Z,13.865264892578125,20.70379066467285,10.25,26.33452033996582,3.200000047683716,,14.870715188980105
2023-05-24T00:00:00.000Z,13.931787490844727,20.784212112426758,10.25,26.316198348999023,3.25,,14.906439590454104
2023-05-25T00:00:00.000Z,14.007813453674316,20.784212112426758,10.399999618530273,26.829151153564453,3.200000047683716,,15.044235277175906
2023-05-26T00:00:00.000Z,14.026820182800293,20.83782386779785,10.390000343322754,26.801671981811523,3.200000047683716,,15.051263284683229
2023-05-29T00:00:00.000Z,14.026820182800293,21.123764038085938,10.40999984741211,26.60931396484375,3.25,,15.08397960662842
2023-05-30T00:00:00.000Z,13.760727882385254,20.534013748168945,10.460000038146973,26.52687644958496,3.200000047683716,,14.89632363319397
2023-05-31T00:00:00.000Z,13.694205284118652,20.337430953979492,10.4399995803833,26.53603744506836,3.200000047683716,,14.841534662246705
2023-06-01T00:00:00.000Z,13.532649993896484,20.18552589416504,10.649999618530273,26.81999397277832,3.450000047683716,,14.927633905410767
2023-06-02T00:00:00.000Z,13.741722106933594,20.265945434570312,10.649999618530273,27.003185272216797,3.3499999046325684,,15.00217046737671
2023-06-05T00:00:00.000Z,13.694205284118652,20.265945434570312,10.729999542236328,26.728389739990234,3.299999952316284,,14.943707990646365
2023-06-06T00:00:00.000Z,14.083839416503906,20.802082061767578,10.899999618530273,27.16806411743164,3.5,,15.290797042846679
2023-06-07T00:00:00.000Z,14.112349510192871,20.86463165283203,11.029999732971191,27.02150535583496,3.5999999046325684,,15.325697231292725
2023-06-09T00:00:00.000Z,14.387944221496582,20.712726593017578,10.9399995803833,27.442859649658203,3.8499999046325684,,15.46670598983765
2023-06-12T00:00:00.000Z,14.406950950622559,20.77527618408203,10.960000038146973,27.08562469482422,4.099999904632568,,15.465570354461672
2023-06-13T00:00:00.000Z,14.511487007141113,20.462528228759766,10.420000076293945,26.563514709472656,3.9000000953674316,,15.171506023406984
2023-06-14T00:00:00.000Z,14.568506240844727,21.132699966430664,10.960000038146973,26.737552642822266,4.25,,15.529751777648928
2023-06-15T00:00:00.000Z,14.435460090637207,21.079086303710938,11.300000190734863,26.59099578857422,4.300000190734863,,15.541108512878418
2023-06-16T00:00:00.000Z,14.321420669555664,21.400768280029297,11.149999618530273,26.939067840576172,4.150000095367432,,15.592251300811768
2023-06-19T00:00:00.000Z,14.359434127807617,22.276456832885742,10.920000076293945,26.884109497070312,4.25,,15.738000106811525
2023-06-20T00:00:00.000Z,14.387944221496582,22.12455177307129,10.779999732971191,26.9757080078125,4.349999904632568,,15.723640727996827
2023-06-21T00:00:00.000Z,14.520989418029785,21.93690299987793,11.09000015258789,27.369577407836914,5.400000095367432,,16.06349401473999
2023-06-22T00:00:00.000Z,14.777578353881836,22.088808059692383,10.430000305175781,27.122264862060547,4.550000190734863,,15.79373035430908
2023-06-23T00:00:00.000Z,14.720558166503906,22.562395095825195,10.289999961853027,27.6993350982666,4.849999904632568,,16.02445764541626
2023-06-26T00:00:00.000Z,14.578009605407715,22.455167770385742,9.920000076293945,27.433698654174805,4.550000190734863,,15.787375259399415
2023-06-27T00:00:00.000Z,14.616023063659668,21.767127990722656,9.149999618530273,26.710071563720703,4.5,,15.348644447326661
2023-06-28T00:00:00.000Z,14.463970184326172,21.382896423339844,9.130000114440918,26.70091438293457,4.199999809265137,,15.175556182861332
2023-06-29T00:00:00.000Z,14.463970184326172,21.57054328918457,9.260000228881836,26.939067840576172,4.349999904632568,,15.316716289520263
2023-06-30T00:00:00.000Z,14.644532203674316,21.901161193847656,9.300000190734863,27.461181640625,4.400000095367432,,15.541375064849854
2023-07-03T00:00:00.000Z,14.644532203674316,22.204971313476562,9.300000190734863,27.030668258666992,4.449999809265137,,15.526034355163574
2023-07-04T00:00:00.000Z,14.387944221496582,22.562395095825195,9.329999923706055,27.039825439453125,4.400000095367432,,15.54403295516968
2023-07-05T00:00:00.000Z,14.454466819763184,22.87514305114746,9.420000076293945,26.9757080078125,4.550000190734863,,15.65506362915039
2023-07-06T00:00:00.000Z,14.093342781066895,22.866207122802734,9.119999885559082,27.012346267700195,4.300000190734863,,15.478379249572756
2023-07-07T00:00:00.000Z,14.112349510192871,23.107467651367188,9.199999809265137,26.9757080078125,4.550000190734863,,15.589105033874512
2023-07-10T00:00:00.000Z,14.26440143585205,22.928754806518555,8.960000038146973,26.86579132080078,4.400000095367432,,15.483789539337161
2023-07-11T00:00:00.000Z,13.903277397155762,22.7768497467041,8.930000305175781,26.416955947875977,4.400000095367432,,15.285416698455814
2023-07-12T00:00:00.000Z,13.960296630859375,22.383682250976562,8.859999656677246,26.361997604370117,4.25,,15.16319522857666
2023-07-13T00:00:00.000Z,14.026820182800293,22.339006423950195,8.760000228881836,26.462757110595703,4,,15.117716789245607
2023-07-14T00:00:00.000Z,14.007813453674316,22.070938110351562,8.699999809265137,26.160484313964844,3.950000047683716,,14.977847146987916
2023-07-17T00:00:00.000Z,14.083839416503906,22.249649047851562,8.90999984741211,26.151323318481445,4.300000190734863,,15.138962364196779
2023-07-18T00:00:00.000Z,13.941290855407715,22.240713119506836,9.270000457763672,26.18796157836914,4.300000190734863,,15.187993240356446
2023-07-19T00:00:00.000Z,13.903277397155762,22.428361892700195,8.5600004196167,26.06888198852539,4.199999809265137,,15.032104301452637
2023-07-20T00:00:00.000Z,14.178872108459473,22.607072830200195,8.489999771118164,26.01392364501953,4.099999904632568,,15.077973651885987
2023-07-21T00:00:00.000Z,14.539996147155762,22.607072830200195,8.8100004196167,26.059724807739258,4.400000095367432,,15.28335886001587
2023-07-24T00:00:00.000Z,14.368937492370605,22.794721603393555,9.029999732971191,26.33452033996582,4.400000095367432,,15.385635852813722
2023-07-25T00:00:00.000Z,14.283408164978027,22.607072830200195,9.359999656677246,26.765029907226562,4.400000095367432,,15.483102130889895
2023-07-26T00:00:00.000Z,14.235891342163086,23.107467651367188,9.5,26.765029907226562,4.400000095367432,,15.601677799224854
2023-07-27T00:00:00.000Z,13.969799995422363,23.21469497680664,9.539999961853027,26.829151153564453,4.349999904632568,,15.580729198455812
2023-07-28T00:00:00.000Z,14.216885566711426,23.09853172302246,9.520000457763672,26.801671981811523,4.349999904632568,,15.59741792678833
2023-07-31T00:00:00.000Z,14.121851921081543,23.152145385742188,9.630000114440918,26.682592391967773,4.449999809265137,,15.60731792449951
2023-08-01T00:00:00.000Z,14.235891342163086,23.679346084594727,9.5,26.407798767089844,4.599999904632568,,15.684607219696046
2023-08-02T00:00:00.000Z,14.302414894104004,23.500633239746094,9.510000228881836,26.44443702697754,4.800000190734863,,15.711497116088868
2023-08-03T00:00:00.000Z,13.903277397155762,23.99209213256836,9.010000228881836,26.416955947875977,4.550000190734863,,15.574465179443358
2023-08-04T00:00:00.000Z,13.979303359985352,23.545312881469727,9.09000015258789,26.70091438293457,4.5,,15.563106155395511
2023-08-07T00:00:00.000Z,13.950794219970703,23.384471893310547,9.149999618530273,26.407798767089844,4.400000095367432,,15.458612918853762
2023-08-08T00:00:00.000Z,13.779735565185547,23.062789916992188,9.449999809265137,26.114683151245117,4.300000190734863,,15.341441726684572
2023-08-09T00:00:00.000Z,13.665696144104004,22.71430206298828,9.5,26.270402908325195,4.199999809265137,,15.270080184936525
2023-08-10T00:00:00.000Z,13.656192779541016,22.410490036010742,9.670000076293945,26.233760833740234,4.25,,15.244088745117189
2023-08-11T00:00:00.000Z,13.646689414978027,22.09774398803711,9.9399995803833,26.279560089111328,4.25,,15.242798614501952
2023-08-14T00:00:00.000Z,13.618179321289062,21.266733169555664,10.09000015258789,26.160484313964844,4.199999809265137,,15.06707935333252
2023-08-15T00:00:00.000Z,13.494636535644531,20.784212112426758,10.039999961853027,25.99560546875,4.150000095367432,,14.89289083480835
2023-08-16T00:00:00.000Z,13.475630760192871,20.802082061767578,9.539999961853027,25.931486129760742,4,,14.749839782714846
2023-08-17T00:00:00.000Z,13.513644218444824,20.77527618408203,9.380000114440918,25.87629508972168,3.9000000953674316,,14.689043140411378
2023-08-18T00:00:00.000Z,13.646689414978027,21.141633987426758,9.34000015258789,25.79350471496582,3.9000000953674316,,14.764365673065186
2023-08-21T00:00:00.000Z,13.599173545837402,21.016536712646484,9.100000381469727,25.664722442626953,3.8499999046325684,,14.646086597442627
2023-08-22T00:00:00.000Z,13.70370864868164,21.793933868408203,9.149999618530273,25.90389060974121,3.9000000953674316,,14.890306568145753
2023-08-23T00:00:00.000Z,13.732218742370605,22.204971313476562,9.670000076293945,26.225849151611328,3.9000000953674316,,15.146607875823975
2023-08-24T00:00:00.000Z,13.485133171081543,21.445446014404297,9.890000343322754,26.33623695373535,3.799999952316284,,14.991363286972046
2023-08-25T00:00:00.000Z,13.295068740844727,21.784997940063477,9.869999885559082,26.170656204223633,3.5999999046325684,,14.944144535064696
2023-08-28T00:00:00.000Z,13.504140853881836,21.668834686279297,9.550000190734863,26.345434188842773,3.450000047683716,,14.903681993484497
2023-08-29T00:00:00.000Z,13.551656723022461,21.820741653442383,9.470000267028809,26.77777671813965,3.549999952316284,,15.034035062789918
2023-08-30T00:00:00.000Z,13.475630760192871,21.49905776977539,9,26.455820083618164,3.549999952316284,,14.796101713180544
2023-08-31T00:00:00.000Z,13.152520179748535,21.25779914855957,8.40999984741211,26.023475646972656,3.3499999046325684,,14.43875894546509
2023-09-01T00:00:00.000Z,13.181029319763184,21.838611602783203,8.829999923706055,26.244245529174805,3.299999952316284,,14.678777265548705
2023-09-04T00:00:00.000Z,13.171525955200195,21.49905776977539,8.9399995803833,26.603002548217773,3.299999952316284,,14.70271716117859
2023-09-05T00:00:00.000Z,13.314075469970703,21.73138427734375,8.949999809265137,26.566205978393555,3.1500000953674316,,14.742333126068116
2023-09-06T00:00:00.000Z,13.285565376281738,23.00917625427246,8.770000457763672,26.391427993774414,3.049999952316284,,14.901234006881714
2023-09-08T00:00:00.000Z,13.019474029541016,23.56318473815918,8.40999984741211,26.345434188842773,3.0999999046325684,,14.88761854171753
2023-09-11T00:00:00.000Z,13.181029319763184,24.19761085510254,8.34000015258789,26.796175003051758,3.1500000953674316,,15.132963085174561
2023-09-12T00:00:00.000Z,13.028977394104004,25.93111801147461,8.640000343322754,27.265317916870117,3.3499999046325684,,15.643082714080814
2023-09-13T00:00:00.000Z,12.962454795837402,24.44780921936035,8.640000343322754,27.200923919677734,3.450000047683716,,15.340237665176392
2023-09-14T00:00:00.000Z,12.857917785644531,25.117979049682617,8.680000305175781,27.329708099365234,3.450000047683716,,15.487121057510375
2023-09-15T00:00:00.000Z,12.753382682800293,24.912458419799805,8.350000381469727,27.25611686706543,3.450000047683716,,15.344391679763794
2023-09-18T00:00:00.000Z,12.724872589111328,25.15372085571289,8.1899995803833,27.311311721801758,3.1500000953674316,,15.305980968475344
2023-09-19T00:00:00.000Z,12.762886047363281,24.885652542114258,8.010000228881836,27.237720489501953,3.0999999046325684,,15.19925184249878
2023-09-20T00:00:00.000Z,12.800899505615234,25.144784927368164,8.390000343322754,27.338909149169922,3.200000047683716,,15.37491879463196
2023-09-21T00:00:00.000Z,12.58232307434082,24.97500991821289,8.220000267028809,27.108936309814453,3.1500000953674316,,15.207253932952883
2023-09-22T00:00:00.000Z,12.468284606933594,24.939266204833984,8.029999732971191,27.090538024902344,3.1500000953674316,,15.13561773300171
2023-09-25T00:00:00.000Z,12.56331729888916,25.189462661743164,7.840000152587891,26.97095489501953,3,,15.112747001647948
2023-09-26T00:00:00.000Z,12.392258644104004,24.599714279174805,7.670000076293945,26.823772430419922,2.950000047683716,,14.887149095535278
2023-09-27T00:00:00.000Z,12.325736045837402,24.858844757080078,7.829999923706055,26.133859634399414,2.9000000953674316,,14.809688091278078
2023-09-28T00:00:00.000Z,12.335238456726074,24.930330276489258,8.039999961853027,26.373029708862305,2.950000047683716,,14.925719690322877
2023-09-29T00:00:00.000Z,12.458781242370605,25.663049697875977,8.050000190734863,26.455820083618164,3,,15.125530242919924
2023-10-02T00:00:00.000Z,12.439774513244629,25.53795051574707,7.869999885559082,26.115463256835938,2.9000000953674316,,14.972637653350832
2023-10-03T00:00:00.000Z,12.401762008666992,25.40391731262207,7.869999885559082,25.913089752197266,2.799999952316284,,14.877753782272341
2023-10-04T00:00:00.000Z,12.553813934326172,25.716663360595703,8.119999885559082,26.354633331298828,2.799999952316284,,15.109022092819217
2023-10-05T00:00:00.000Z,12.249710083007812,25.31456184387207,8.109999656677246,26.179853439331055,2.75,,14.920825004577637
2023-10-06T00:00:00.000Z,12.534807205200195,25.591564178466797,8.039999961853027,26.225849151611328,2.799999952316284,,15.038444089889527
2023-10-09T00:00:00.000Z,12.515800476074219,25.47540283203125,7.829999923706055,26.308639526367188,2.799999952316284,,14.985968542099002
2023-10-10T00:00:00.000Z,12.591827392578125,26.13663673400879,7.489999771118164,26.547807693481445,2.9000000953674316,,15.133254337310792
2023-10-11T00:00:00.000Z,12.629839897155762,25.529014587402344,7.690000057220459,26.57540512084961,2.9000000953674316,,15.064851951599122
2023-10-13T00:00:00.000Z,12.335238456726074,25.645179748535156,7.429999828338623,26.0142765045166,2.75,,14.834938907623293
2023-10-16T00:00:00.000Z,12.363748550415039,26.011539459228516,7.349999904632568,26.225849151611328,2.799999952316284,,14.95022740364075
2023-10-17T00:00:00.000Z,12.164179801940918,26.011539459228516,7.340000152587891,25.87629508972168,2.75,,14.828402900695803
2023-10-18T00:00:00.000Z,11.907591819763184,25.752405166625977,7.289999961853027,25.627927780151367,2.5999999046325684,,14.635584926605226
2023-10-19T00:00:00.000Z,11.898089408874512,25.72559928894043,7.329999923706055,25.637123107910156,2.5,,14.618162345886232
2023-10-20T00:00:00.000Z,11.86957836151123,25.966859817504883,7.210000038146973,26.005077362060547,2.5999999046325684,,14.730303096771241
2023-10-23T00:00:00.000Z,11.860074996948242,26.529804229736328,7.440000057220459,26.115463256835938,2.5999999046325684,,14.90906848907471
2023-10-24T00:00:00.000Z,11.898089408874512,26.967647552490234,7.829999923706055,26.152259826660156,2.6500000953674316,,15.09959936141968
2023-10-25T00:00:00.000Z,11.822062492370605,24.540000915527344,7.789999961853027,25.77510643005371,2.309999942779541,,14.447433948516847
2023-10-26T00:00:00.000Z,12.00262451171875,24.5,8.020000457763672,26.2994384765625,2.180000066757202,,14.600412702560426
2023-10-27T00:00:00.000Z,11.679512977600098,24.030000686645508,7.78000020980835,25.94988441467285,2.700000047683716,,14.427879667282106
2023-10-30T00:00:00.000Z,11.7460355758667,23.93000030517578,7.880000114440918,25.83949851989746,2.630000114440918,,14.405106925964358
2023-10-31T00:00:00.000Z,12.221199035644531,24.739999771118164,8.25,25.756710052490234,2.509999990463257,,14.695581769943237
2023-11-01T00:00:00.000Z,12.344741821289062,24.559999465942383,8.569999694824219,25.968280792236328,2.490000009536743,,14.786604356765748
2023-11-03T00:00:00.000Z,12.629839897155762,25.18000030517578,8.9399995803833,26.382230758666992,2.6700000762939453,,15.160414123535158
2023-11-06T00:00:00.000Z,12.838912010192871,25.31999969482422,8.869999885559082,26.593801498413086,2.6700000762939453,,15.258542633056642
2023-11-07T00:00:00.000Z,12.895931243896484,25.540000915527344,9,27.16412925720215,2.6700000762939453,,15.454012298583987
2023-11-08T00:00:00.000Z,12.86742115020752,23.850000381469727,8.760000228881836,27.2285213470459,3.0299999713897705,,15.147188615798953
2023-11-09T00:00:00.000Z,12.743879318237305,24.280000686645508,8.989999771118164,27.026147842407227,3.0199999809265137,,15.212005519866944
2023-11-10T00:00:00.000Z,12.686860084533691,24.110000610351562,9.25,26.419023513793945,3.119999885559082,,15.117176818847659
2023-11-13T00:00:00.000Z,12.762886047363281,23.8799991607666,9.15999984741211,26.4006290435791,3.3299999237060547,,15.106702804565428
2023-11-14T00:00:00.000Z,13.019474029541016,24.510000228881836,9.430000305175781,26.667394638061523,3.3299999237060547,,15.391373825073243
2023-11-16T00:00:00.000Z,12.99096393585205,24.5,9.789999961853027,27.219322204589844,3.359999895095825,,15.572057199478152
2023-11-17T00:00:00.000Z,12.92444133758545,24.40999984741211,9.449999809265137,27.30245018005371,3.7300000190734863,,15.563378238677979
2023-11-20T00:00:00.000Z,12.92444133758545,24.399999618530273,9.609999656677246,27.090015411376953,3.7899999618530273,,15.562891197204591
2023-11-21T00:00:00.000Z,12.772388458251953,24.010000228881836,9.510000228881836,26.80368995666504,3.619999885559082,,15.34321575164795
2023-11-22T00:00:00.000Z,12.895931243896484,24.15999984741211,9.420000076293945,27.256269454956055,3.6500000953674316,,15.476440143585204
2023-11-23T00:00:00.000Z,12.876925468444824,24.3700008392334,9.149999618530273,27.117721557617188,3.690000057220459,,15.44092950820923
2023-11-24T00:00:00.000Z,12.724872589111328,24.350000381469727,8.9399995803833,26.79445457458496,3.569999933242798,,15.275865411758424
2023-11-27T00:00:00.000Z,12.905434608459473,24.25,9.119999885559082,26.535839080810547,3.6700000762939453,,15.29625473022461
2023-11-28T00:00:00.000Z,12.971957206726074,24.260000228881836,9.369999885559082,26.637435913085938,3.7799999713897705,,15.40387864112854
2023-11-29T00:00:00.000Z,12.63934326171875,24.139999389648438,9.199999809265137,26.4157657623291,3.880000114440918,,15.25502166748047
2023-11-30T00:00:00.000Z,13.009970664978027,24.100000381469727,9.569999694824219,26.62820053100586,3.869999885559082,,15.435634231567384
2023-12-01T00:00:00.000Z,13.380598068237305,24.6200008392334,9.619999885559082,27.228557586669922,4.139999866485596,,15.797831249237063
2023-12-04T00:00:00.000Z,13.361592292785645,24.700000762939453,9.09000015258789,27.173141479492188,3.819999933242798,,15.628946924209597
2023-12-05T00:00:00.000Z,13.532649993896484,24.479999542236328,9.100000381469727,27.431758880615234,3.819999933242798,,15.672881746292116
2023-12-06T00:00:00.000Z,13.295068740844727,24.139999389648438,8.880000114440918,27.237794876098633,3.859999895095825,,15.48257260322571
2023-12-07T00:00:00.000Z,13.380598068237305,24.479999542236328,8.989999771118164,27.228557586669922,3.809999942779541,,15.577830982208253
2023-12-08T00:00:00.000Z,13.599173545837402,24.3700008392334,9.09000015258789,27.006885528564453,3.75,,15.56321201324463
2023-12-11T00:00:00.000Z,13.608675956726074,24.280000686645508,9.010000228881836,26.849870681762695,3.7200000286102295,,15.49370951652527
2023-12-12T00:00:00.000Z,13.523146629333496,24.25,8.9399995803833,27.2655029296875,3.690000057220459,,15.533729839324952
2023-12-13T00:00:00.000Z,13.969799995422363,24.81999969482422,9.239999771118164,27.884334564208984,3.9000000953674316,,15.962826824188234
2023-12-14T00:00:00.000Z,13.779735565185547,25.450000762939453,9.180000305175781,27.62571907043457,3.7100000381469727,,15.949091148376466
2023-12-15T00:00:00.000Z,13.751225471496582,25.979999542236328,8.960000038146973,27.54259490966797,3.609999895095825,,15.968763971328736
2023-12-18T00:00:00.000Z,13.827251434326172,25.899999618530273,9.529999732971191,28.013643264770508,3.4600000381469727,,16.146178817749025
2023-12-19T00:00:00.000Z,13.969799995422363,26.700000762939453,9.4399995803833,28.46622085571289,3.369999885559082,,16.389204216003417
2023-12-20T00:00:00.000Z,13.739999771118164,25.799999237060547,9.34000015258789,28.198368072509766,3.3499999046325684,,16.08567342758179
2023-12-21T00:00:00.000Z,13.699999809265137,25.860000610351562,9.130000114440918,28.08753204345703,3.4700000286102295,,16.049506521224977
2023-12-22T00:00:00.000Z,13.710000038146973,25.860000610351562,9.5,28.235313415527344,3.4000000953674316,,16.141062831878664
2023-12-26T00:00:00.000Z,13.770000457763672,26.25,9.75,28.32767677307129,3.359999895095825,,16.291535425186158
2023-12-27T00:00:00.000Z,13.84000015258789,26.360000610351562,10.119999885559082,28.50316619873047,3.5399999618530273,,16.47263336181641
2023-12-28T00:00:00.000Z,13.729999542236328,26.709999084472656,10.119999885559082,29.103525161743164,3.7200000286102295,,16.676704740524293
2024-01-02T00:00:00.000Z,13.710000038146973,26.040000915527344,9.3100004196167,28.124479293823242,3.4800000190734863,,16.132896137237548
2024-01-03T00:00:00.000Z,13.600000381469727,25.860000610351562,9.59000015258789,28.244550704956055,3.2899999618530273,,16.116910362243654
2024-01-04T00:00:00.000Z,13.649999618530273,25.600000381469727,8.970000267028809,28.10600471496582,3.119999885559082,,15.889200973510743
2024-01-05T00:00:00.000Z,13.600000381469727,25.6200008392334,9.380000114440918,28.235313415527344,3.119999885559082,,15.991062927246094
2024-01-08T00:00:00.000Z,13.710000038146973,25.719999313354492,9.6899995803833,28.216842651367188,3.180000066757202,,16.103368330001835
2024-01-09T00:00:00.000Z,13.619999885559082,25.15999984741211,9.529999732971191,28.420040130615234,3.2300000190734863,,15.992007923126222
2024-01-10T00:00:00.000Z,13.760000228881836,25,9.239999771118164,28.438512802124023,3.0399999618530273,,15.89570255279541
2024-01-11T00:00:00.000Z,13.5600004196167,24.65999984741211,9.050000190734863,28.059823989868164,2.9100000858306885,,15.647964906692508
2024-01-12T00:00:00.000Z,13.59000015258789,24.979999542236328,9.069999694824219,28.069061279296875,2.950000047683716,,15.731812143325808
2024-01-15T00:00:00.000Z,13.59000015258789,24.8700008392334,9.029999732971191,28.10600471496582,2.9100000858306885,,15.701201105117798
2024-01-16T00:00:00.000Z,13.350000381469727,24.920000076293945,8.789999961853027,27.93975257873535,2.8399999141693115,,15.567950582504274
2024-01-17T00:00:00.000Z,13.430000305175781,25.18000030517578,8.539999961853027,27.52412223815918,2.7200000286102295,,15.4788245677948
2024-01-18T00:00:00.000Z,13.34000015258789,24.770000457763672,8.270000457763672,27.330158233642578,2.740000009536743,,15.290031862258912
2024-01-19T00:00:00.000Z,13.350000381469727,24.989999771118164,8.329999923706055,27.1546688079834,2.8299999237060547,,15.33093376159668
2024-01-22T00:00:00.000Z,13.359999656677246,24.690000534057617,8.109999656677246,26.822162628173828,2.819999933242798,,15.160432481765747
2024-01-23T00:00:00.000Z,13.369999885559082,25.34000015258789,8.329999923706055,27.191614151000977,2.759999990463257,,15.398322820663452
2024-01-24T00:00:00.000Z,13.279999732971191,25.270000457763672,8.539999961853027,27.330158233642578,2.7799999713897705,,15.44003167152405
2024-01-25T00:00:00.000Z,13.199999809265137,25.1200008392334,8.789999961853027,27.191614151000977,2.8399999141693115,,15.42832293510437
2024-01-26T00:00:00.000Z,13.199999809265137,25.350000381469727,8.670000076293945,27.080778121948242,2.75,,15.410155677795412
2024-01-29T00:00:00.000Z,13.25,24.90999984741211,8.4399995803833,27.117721557617188,2.700000047683716,,15.283544206619265
2024-01-30T00:00:00.000Z,13.039999961853027,24.899999618530273,8.329999923706055,26.877580642700195,2.549999952316284,,15.13951601982117
2024-01-31T00:00:00.000Z,13.079999923706055,24.65999984741211,8.579999923706055,26.877580642700195,2.619999885559082,,15.163516044616703
2024-02-01T00:00:00.000Z,13.069999694824219,24.610000610351562,8.399999618530273,27.283977508544922,2.549999952316284,,15.182795476913453
2024-02-02T00:00:00.000Z,13.069999694824219,24.709999084472656,8.289999961853027,26.942232131958008,2.569999933242798,,15.116446161270144
2024-02-05T00:00:00.000Z,13.09000015258789,24.149999618530273,8.069999694824219,27.025360107421875,2.5399999618530273,,14.975071907043457
2024-02-06T00:00:00.000Z,13.229999542236328,24.260000228881836,8.220000267028809,27.13619613647461,2.609999895095825,,15.091239213943483
2024-02-07T00:00:00.000Z,13,24.6299991607666,8.130000114440918,27.1546688079834,2.640000104904175,,15.11093363761902
2024-02-08T00:00:00.000Z,12.949999809265137,24.260000228881836,8.020000457763672,26.822162628173828,2.5899999141693115,,14.928432607650757
2024-02-09T00:00:00.000Z,12.949999809265137,23.84000015258789,8.619999885559082,26.85910987854004,2.559999942779541,,14.965821933746339
2024-02-14T00:00:00.000Z,12.920000076293945,23.270000457763672,8.880000114440918,26.831398010253906,2.6700000762939453,,14.914279747009276
2024-02-15T00:00:00.000Z,12.850000381469727,23.579999923706055,9.109999656677246,27.01612663269043,2.690000057220459,,15.049225330352785
2024-02-16T00:00:00.000Z,12.760000228881836,23.979999542236328,9.34000015258789,26.79445457458496,2.7200000286102295,,15.11889090538025
2024-02-19T00:00:00.000Z,12.8100004196167,23.700000762939453,9.399999618530273,27.01612663269043,2.630000114440918,,15.111225509643557
2024-02-20T00:00:00.000Z,12.850000381469727,24.020000457763672,9.630000114440918,27.14543342590332,2.549999952316284,,15.239086866378784
2024-02-21T00:00:00.000Z,12.899999618530273,23.65999984741211,9.760000228881836,27.034597396850586,2.369999885559082,,15.144919395446777
2024-02-22T00:00:00.000Z,12.960000038146973,23.989999771118164,9.920000076293945,27.413286209106445,2.390000104904175,,15.334657239913941
2024-02-23T00:00:00.000Z,12.890000343322754,23.610000610351562,10.050000190734863,27.616483688354492,2.3399999141693115,,15.301296949386598
2024-02-26T00:00:00.000Z,13.039999961853027,23.700000762939453,10.170000076293945,27.561063766479492,2.2799999713897705,,15.35021290779114
2024-02-27T00:00:00.000Z,13.3100004196167,23.8799991607666,10.319999694824219,27.838151931762695,2.2699999809265137,,15.523630237579347
2024-02-28T00:00:00.000Z,13.449999809265137,24.049999237060547,10.199999809265137,27.708845138549805,2.2300000190734863,,15.527768802642823
2024-02-29T00:00:00.000Z,12.579999923706055,23.719999313354492,10.170000076293945,27.505647659301758,2.2799999713897705,,15.251129388809206
2024-03-01T00:00:00.000Z,12.4399995803833,24,10.279999732971191,27.514883041381836,2.2899999618530273,,15.304976463317871
2024-03-04T00:00:00.000Z,12.479999542236328,23.8799991607666,9.8100004196167,27.339393615722656,2.2699999809265137,,15.155878543853762
2024-03-05T00:00:00.000Z,12.75,24,9.65999984741211,27.468700408935547,2.609999895095825,,15.297740030288699
2024-03-06T00:00:00.000Z,12.6899995803833,23.899999618530273,9.630000114440918,27.52412223815918,2.430000066757202,,15.234824323654175
2024-03-07T00:00:00.000Z,12.649999618530273,23.959999084472656,9.630000114440918,27.62571907043457,2.4700000286102295,,15.267143583297731
2024-03-08T00:00:00.000Z,12.84000015258789,24.079999923706055,9.729999542236328,28.11524200439453,2.509999990463257,,15.455048322677614
2024-03-11T00:00:00.000Z,12.800000190734863,24.010000228881836,9.680000305175781,27.912044525146484,2.430000066757202,,15.366409063339233
2024-03-12T00:00:00.000Z,12.84000015258789,23.93000030517578,9.920000076293945,27.93975257873535,2.4100000858306885,,15.407950639724733
2024-03-13T00:00:00.000Z,12.75,23.799999237060547,10.100000381469727,28.14295196533203,2.430000066757202,,15.444590330123901
2024-03-14T00:00:00.000Z,12.800000190734863,23.790000915527344,10.210000038146973,28.198368072509766,2.390000104904175,,15.477673864364625
2024-03-15T00:00:00.000Z,12.630000114440918,23.700000762939453,9.539999961853027,28.124479293823242,2.259999990463257,,15.25089602470398
2024-03-18T00:00:00.000Z,12.630000114440918,23.6200008392334,9.260000228881836,28.078296661376953,1.9900000095367432,,15.115659570693971
2024-03-19T00:00:00.000Z,12.539999961853027,23.760000228881836,9.149999618530273,28.567819595336914,1.899999976158142,,15.18356387615204
2024-03-20T00:00:00.000Z,12.539999961853027,24,9.5,29.001922607421875,2,,15.408384513854982
2024-03-21T00:00:00.000Z,12.609999656677246,24.020000457763672,9.260000228881836,29.094287872314453,1.9199999570846558,,15.380857634544375
2024-03-22T00:00:00.000Z,12.40999984741211,23.84000015258789,9.399999618530273,28.62323760986328,1.7799999713897705,,15.210647439956666
2024-03-25T00:00:00.000Z,12.229999542236328,24,9.239999771118164,28.226076126098633,1.7100000381469727,,15.081215095520022
2024-03-26T00:00:00.000Z,12.40999984741211,24.200000762939453,9.329999923706055,28.355384826660156,1.7999999523162842,,15.219077062606813
2024-03-27T00:00:00.000Z,12.449999809265137,24.799999237060547,9.430000305175781,28.595529556274414,1.8200000524520874,,15.419105792045595
2024-03-28T00:00:00.000Z,12.489999771118164,24.559999465942383,9.529999732971191,28.226076126098633,1.850000023841858,,15.331215023994446
2024-04-01T00:00:00.000Z,12.329999923706055,25.010000228881836,9.300000190734863,28.438512802124023,1.850000023841858,,15.385702633857727
2024-04-02T00:00:00.000Z,12.270000457763672,24.84000015258789,9.350000381469727,28.401565551757812,1.7999999523162842,,15.332313299179079
2024-04-03T00:00:00.000Z,12.449999809265137,24.770000457763672,9.380000114440918,28.420040130615234,1.7599999904632568,,15.356008100509644
2024-04-04T00:00:00.000Z,12.470000267028809,25.15999984741211,9.739999771118164,28.11524200439453,1.7899999618530273,,15.455048370361329
2024-04-05T00:00:00.000Z,12.229999542236328,24.889999389648438,9.59000015258789,28.1706600189209,1.809999942779541,,15.338131809234621
2024-04-08T00:00:00.000Z,12.170000076293945,24.940000534057617,9.430000305175781,28.179895401000977,1.7899999618530273,,15.301979255676269
2024-04-09T00:00:00.000Z,12.359999656677246,25.489999771118164,9.529999732971191,28.336912155151367,1.7699999809265137,,15.4973822593689
2024-04-10T00:00:00.000Z,12.100000381469727,24.989999771118164,9.170000076293945,27.865863800048828,1.6699999570846558,,15.159172797203066
2024-04-11T00:00:00.000Z,12.199999809265137,25.18000030517578,9.359999656677246,27.930517196655273,1.6799999475479126,,15.270103383064273
2024-04-12T00:00:00.000Z,12.119999885559082,24.75,9.25,27.79197120666504,1.5700000524520874,,15.096394228935242
2024-04-15T00:00:00.000Z,12.069999694824219,24.719999313354492,8.90999984741211,27.487173080444336,1.5,,14.937434387207032
2024-04-16T00:00:00.000Z,11.9399995803833,24.979999542236328,8.460000038146973,27.49641227722168,1.5499999523162842,,14.885282278060913
2024-04-17T00:00:00.000Z,11.90999984741211,24.8799991607666,8.350000381469727,27.57953643798828,1.5199999809265137,,14.847907161712646
2024-04-18T00:00:00.000Z,11.960000038146973,25.079999923706055,8.5,27.62571907043457,1.559999942779541,,14.945143795013426
2024-04-19T00:00:00.000Z,11.949999809265137,26.6299991607666,9,27.66266441345215,1.6699999570846558,,15.382532668113711
2024-04-22T00:00:00.000Z,11.949999809265137,25.84000015258789,9.15999984741211,27.871898651123047,1.7599999904632568,,15.31637969017029
2024-04-23T00:00:00.000Z,11.859999656677246,26.020000457763672,9.300000190734863,27.259763717651367,1.6299999952316284,,15.213952803611758
2024-04-24T00:00:00.000Z,12.039999961853027,25.809999465942383,9.350000381469727,27.269638061523438,1.5399999618530273,,15.20192756652832
2024-04-25T00:00:00.000Z,12.020000457763672,25.010000228881836,9.350000381469727,27.052427291870117,1.559999942779541,,14.998485660552976
2024-04-26T00:00:00.000Z,12.010000228881836,25.299999237060547,9.40999984741211,27.36836814880371,1.5499999523162842,,15.127673482894899
2024-04-29T00:00:00.000Z,12.100000381469727,26.010000228881836,9.770000457763672,27.59545135498047,1.5499999523162842,,15.4050904750824
2024-04-30T00:00:00.000Z,12.149999618530273,25.65999984741211,9.460000038146973,27.486846923828125,1.5399999618530273,,15.259369277954102
2024-05-02T00:00:00.000Z,12.329999923706055,25.059999465942383,9.760000228881836,28.345809936523438,1.6699999570846558,,15.433161902427674
2024-05-03T00:00:00.000Z,12.369999885559082,25.670000076293945,9.779999732971191,28.681495666503906,1.649999976158142,,15.630299067497255
2024-05-06T00:00:00.000Z,12.449999809265137,25.5,9.779999732971191,29.056676864624023,1.649999976158142,,15.687335276603699
2024-05-07T00:00:00.000Z,12.600000381469727,25.899999618530273,9.680000305175781,29.027055740356445,1.590000033378601,,15.759411215782169
2024-05-08T00:00:00.000Z,12.170000076293945,26.1200008392334,9.800000190734863,29.22452163696289,1.5299999713897705,,15.768904542922973
2024-05-09T00:00:00.000Z,12.050000190734863,25.700000762939453,9.960000038146973,28.87896156311035,1.4700000286102295,,15.611792516708375
2024-05-10T00:00:00.000Z,12.039999961853027,25.43000030517578,10.289999961853027,28.780227661132812,1.4800000190734863,,15.604045581817626
2024-05-13T00:00:00.000Z,12.0600004196167,25.65999984741211,10.270000457763672,29.115915298461914,1.4900000095367432,,15.71918320655823
2024-05-14T00:00:00.000Z,12.15999984741211,25.389999389648438,9.989999771118164,29.382492065429688,1.5,,15.684498214721682
2024-05-15T00:00:00.000Z,12.3100004196167,25.270000457763672,10.149999618530273,29.994625091552734,1.6299999952316284,,15.870925116539004
2024-05-16T00:00:00.000Z,12.380000114440918,25.489999771118164,10.100000381469727,29.36274528503418,1.6799999475479126,,15.802549099922182
2024-05-17T00:00:00.000Z,12.380000114440918,25.3700008392334,9.930000305175781,29.342857360839844,1.6799999475479126,,15.74057171344757
2024-05-20T00:00:00.000Z,12.100000381469727,25.479999542236328,9.899999618530273,29.332914352416992,1.7100000381469727,,15.704582786560058
2024-05-21T00:00:00.000Z,12.020000457763672,25.540000915527344,9.850000381469727,29.432348251342773,1.8899999856948853,,15.746469998359682
2024-05-22T00:00:00.000Z,11.970000267028809,25.389999389648438,9.9399995803833,29.492008209228516,1.8200000524520874,,15.722401499748232
2024-05-23T00:00:00.000Z,11.960000038146973,25.209999084472656,9.869999885559082,29.521839141845703,1.7599999904632568,,15.664367628097535
2024-05-24T00:00:00.000Z,11.869999885559082,25.34000015258789,9.789999961853027,29.32297134399414,1.7699999809265137,,15.618594264984132
2024-05-27T00:00:00.000Z,11.8100004196167,25.270000457763672,9.9399995803833,29.332914352416992,1.809999942779541,,15.632582950592042
2024-05-28T00:00:00.000Z,11.59000015258789,25.469999313354492,9.699999809265137,28.83574676513672,1.7599999904632568,,15.471149206161499
2024-05-29T00:00:00.000Z,11.520000457763672,25.299999237060547,9.489999771118164,28.9351806640625,1.8200000524520874,,15.413036036491395
2024-05-31T00:00:00.000Z,11.5600004196167,25.389999389648438,9.670000076293945,28.915292739868164,1.7799999713897705,,15.463058519363406
2024-06-03T00:00:00.000Z,11.550000190734863,26.459999084472656,9.520000457763672,28.965009689331055,1.7200000286102295,,15.643001890182497
2024-06-04T00:00:00.000Z,11.6899995803833,25.329999923706055,9.520000457763672,29.193708419799805,1.6799999475479126,,15.48274166584015
2024-06-05T00:00:00.000Z,11.569999694824219,24.649999618530273,9.649999618530273,29.760478973388672,1.6799999475479126,,15.462095570564271
2024-06-06T00:00:00.000Z,11.819999694824219,24.809999465942383,9.600000381469727,30.197986602783203,1.7624729871749878,,15.638091826438904
2024-06-07T00:00:00.000Z,11.5600004196167,24.850000381469727,9.529999732971191,29.680931091308594,1.7030630111694336,,15.46479892730713
2024-06-10T00:00:00.000Z,11.460000038146973,24.989999771118164,9.420000076293945,29.581497192382812,1.62385094165802,,15.415069603919983
2024-06-11T00:00:00.000Z,11.399999618530273,25.139999389648438,9.600000381469727,29.501951217651367,1.53473699092865,,15.435337519645692
2024-06-12T00:00:00.000Z,11.270000457763672,25.219999313354492,9.479999542236328,29.124103546142578,1.505033016204834,,15.319827175140382
2024-06-13T00:00:00.000Z,11.09000015258789,25.469999313354492,9.289999961853027,29.332914352416992,1.6040480136871338,,15.357392358779908
2024-06-14T00:00:00.000Z,11.239999771118164,25.540000915527344,9.149999618530273,29.32297134399414,1.5499999523162842,,15.360594320297244
2024-06-17T00:00:00.000Z,11.239999771118164,25.530000686645508,9,29.342857360839844,1.4700000286102295,,15.316571569442749
2024-06-18T00:00:00.000Z,11.25,25.190000534057617,9,29.402517318725586,1.440000057220459,,15.256503582000734
2024-06-19T00:00:00.000Z,11.199999809265137,25.549999237060547,9.149999618530273,29.770421981811523,1.4500000476837158,,15.42408413887024
2024-06-20T00:00:00.000Z,11.279999732971191,25.6200008392334,9.020000457763672,29.81019401550293,1.440000057220459,,15.43403902053833
2024-06-21T00:00:00.000Z,11.279999732971191,25.43000030517578,8.850000381469727,29.869855880737305,1.4299999475479126,,15.371971249580383
2024-06-24T00:00:00.000Z,11.319999694824219,25.780000686645508,9.1899995803833,30.247703552246094,1.4299999475479126,,15.593540692329407
2024-06-25T00:00:00.000Z,11.380000114440918,25.860000610351562,9.300000190734863,30.118440628051758,1.440000057220459,,15.619688320159913
2024-06-26T00:00:00.000Z,11.449999809265137,25.729999542236328,9.350000381469727,29.889741897583008,1.350000023841858,,15.55394833087921
2024-06-27T00:00:00.000Z,11.460000038146973,25.75,9.460000038146973,29.670988082885742,1.3799999952316284,,15.544197630882264
2024-06-28T00:00:00.000Z,11.40999984741211,25.639999389648438,9.119999885559082,29.60138511657715,1.3799999952316284,,15.43027684688568
2024-07-01T00:00:00.000Z,11.449999809265137,25.780000686645508,9.039999961853027,29.889741897583008,1.350000023841858,,15.50194847583771
2024-07-02T00:00:00.000Z,11.460000038146973,25.81999969482422,8.899999618530273,29.830081939697266,1.350000023841858,,15.47201626300812
2024-07-03T00:00:00.000Z,11.380000114440918,26.270000457763672,8.979999542236328,30.128381729125977,1.409999966621399,,15.633676362037662
2024-07-04T00:00:00.000Z,11.449999809265137,27.059999465942383,9.279999732971191,30.357080459594727,1.4500000476837158,,15.91941590309143
2024-07-05T00:00:00.000Z,11.319999694824219,27.059999465942383,9.34000015258789,30.546003341674805,1.4600000381469727,,15.945200538635252
2024-07-08T00:00:00.000Z,11.25,26.93000030517578,9.239999771118164,30.585777282714844,1.4800000190734863,,15.897155475616456
2024-07-09T00:00:00.000Z,11.25,26.829999923706055,9.5,31.003398895263672,1.4700000286102295,,16.010679769515992
2024-07-10T00:00:00.000Z,11.399999618530273,26.739999771118164,9.430000305175781,31.222152709960938,1.4600000381469727,,16.050430488586425
2024-07-11T00:00:00.000Z,11.529999732971191,27.020000457763672,9.289999961853027,31.5303955078125,1.4600000381469727,,16.166079139709474
2024-07-12T00:00:00.000Z,11.640000343322754,27.190000534057617,9.3100004196167,31.639774322509766,1.4299999475479126,,16.241955113410953
2024-07-15T00:00:00.000Z,11.640000343322754,27.100000381469727,9.329999923706055,31.24203872680664,1.4500000476837158,,16.15240788459778
2024-07-16T00:00:00.000Z,11.699999809265137,26.959999084472656,9.199999809265137,31.361360549926758,1.4800000190734863,,16.140271854400638
2024-07-17T00:00:00.000Z,11.819999694824219,28.200000762939453,9.279999732971191,31.38124656677246,1.4600000381469727,,16.42824935913086
2024-07-18T00:00:00.000Z,11.670000076293945,27.790000915527344,8.90999984741211,31.172435760498047,1.440000057220459,,16.19648733139038
2024-07-19T00:00:00.000Z,11.729999542236328,27.8700008392334,8.869999885559082,31.033227920532227,1.4700000286102295,,16.194645643234256
2024-07-22T00:00:00.000Z,11.8100004196167,27.329999923706055,8.890000343322754,31.32158660888672,1.4299999475479126,,16.15631744861603
2024-07-23T00:00:00.000Z,11.779999732971191,26.950000762939453,8.529999732971191,31.043170928955078,1.440000057220459,,15.948634243011476
2024-07-24T00:00:00.000Z,11.789999961853027,26.84000015258789,8.529999732971191,31.073001861572266,1.4299999475479126,,15.932600331306459
2024-07-25T00:00:00.000Z,11.850000381469727,26.469999313354492,8.550000190734863,30.90396499633789,1.4299999475479126,,15.840792965888978
2024-07-26T00:00:00.000Z,11.880000114440918,26.65999984741211,8.65999984741211,31.172435760498047,1.4299999475479126,,15.960487103462219
2024-07-29T00:00:00.000Z,11.819999694824219,26.360000610351562,8.649999618530273,31.003398895263672,1.4299999475479126,,15.852679753303528
2024-07-30T00:00:00.000Z,11.640000343322754,26.329999923706055,8.5600004196167,30.69515609741211,1.4299999475479126,,15.731031346321107
2024-07-31T00:00:00.000Z,11.579999923706055,26.350000381469727,8.600000381469727,30.62554931640625,1.440000057220459,,15.719110012054445
2024-08-01T00:00:00.000Z,11.739999771118164,26.6200008392334,8.529999732971191,31.480680465698242,1.409999966621399,,15.95613615512848
2024-08-02T00:00:00.000Z,11.869999885559082,25.649999618530273,8.579999923706055,31.043170928955078,1.4199999570846558,,15.71263406276703
2024-08-05T00:00:00.000Z,11.850000381469727,25.799999237060547,8.279999732971191,30.575834274291992,1.409999966621399,,15.583166718482971
2024-08-06T00:00:00.000Z,12.010000228881836,25.700000762939453,8.239999771118164,30.884077072143555,1.3700000047683716,,15.640815567970277
2024-08-07T00:00:00.000Z,12.510000228881836,25.610000610351562,8.529999732971191,31.29175567626953,1.3799999952316284,,15.864351248741151
2024-08-08T00:00:00.000Z,12.359999656677246,25.799999237060547,8.729999542236328,31.57016944885254,1.3799999952316284,,15.968033576011658
2024-08-09T00:00:00.000Z,12.449999809265137,26.1299991607666,8.350000381469727,31.1823787689209,1.350000023841858,,15.892475628852845
2024-08-12T00:00:00.000Z,12.390000343322754,25.950000762939453,8.220000267028809,30.824419021606445,1.340000033378601,,15.744884085655212
2024-08-13T00:00:00.000Z,12.569999694824219,26.06999969482422,8.069999694824219,31.818754196166992,1.3300000429153442,,15.971750664711
2024-08-14T00:00:00.000Z,12.5600004196167,26.350000381469727,7.860000133514404,32.663936614990234,1.2999999523162842,,16.14678750038147
2024-08-15T00:00:00.000Z,13.029999732971191,26.040000915527344,8.239999771118164,31.888357162475586,1.2899999618530273,,16.097671508789062
2024-08-16T00:00:00.000Z,13.010000228881836,25.950000762939453,8.09000015258789,31.600000381469727,1.2599999904632568,,15.982000303268434
2024-08-19T00:00:00.000Z,13.010000228881836,26.1299991607666,8.300000190734863,31.850000381469727,1.25,,16.107999992370605
2024-08-20T00:00:00.000Z,12.9399995803833,26.15999984741211,8.319999694824219,31.56999969482422,1.2200000286102295,,16.04199976921082
2024-08-21T00:00:00.000Z,12.9399995803833,26.149999618530273,8.239999771118164,31.280000686645508,1.1799999475479126,,15.957999920845033
2024-08-22T00:00:00.000Z,13,25.75,8.079999923706055,31.459999084472656,1.159999966621399,,15.889999794960023
2024-08-23T00:00:00.000Z,13.079999923706055,25.899999618530273,8.270000457763672,31.719999313354492,1.149999976158142,,16.023999857902528
2024-08-26T00:00:00.000Z,13.079999923706055,25.850000381469727,8.180000305175781,31.399999618530273,1.190000057220459,,15.94000005722046
2024-08-27T00:00:00.000Z,13.029999732971191,26,8.260000228881836,30.729999542236328,1.2000000476837158,,15.843999910354615
2024-08-28T00:00:00.000Z,12.949999809265137,26.1299991607666,8.1899995803833,30.90999984741211,1.159999966621399,,15.867999672889711
2024-08-29T00:00:00.000Z,12.859999656677246,25.690000534057617,7.949999809265137,30.889999389648438,1.149999976158142,,15.707999873161317
2024-08-30T00:00:00.000Z,12.859999656677246,25.90999984741211,7.699999809265137,31.829999923706055,1.1699999570846558,,15.893999838829043
2024-09-02T00:00:00.000Z,12.869999885559082,25.739999771118164,7.630000114440918,31.299999237060547,1.1399999856948853,,15.73599979877472
2024-09-03T00:00:00.000Z,12.800000190734863,25.530000686645508,7.599999904632568,31.350000381469727,1.1299999952316284,,15.682000231742862
2024-09-04T00:00:00.000Z,12.989999771118164,26.459999084472656,7.670000076293945,31.90999984741211,1.1399999856948853,,16.03399975299835
2024-09-05T00:00:00.000Z,12.970000267028809,26.459999084472656,7.590000152587891,31.889999389648438,1.1299999952316284,,16.007999777793884
2024-09-06T00:00:00.000Z,12.989999771118164,26.540000915527344,7.420000076293945,31.510000228881836,1.1100000143051147,,15.914000201225281
